"Title","Link","Words"
"211 Sonoma County Service Provider Application","https://secureservercdn.net/198.71.233.109/nvx.fe0.myftpupload.com/wp-content/uploads/2020/06/2-1-1-Sonoma-Application-Form-2019.doc","['new', 'agency', 'application', 'form', '211sonoma@icfs.org', 'policy', 'service', 'provider']"
"211 Sonoma Email Address","mailto:211sonoma@icfs.org","['email', 'application', 'contact', '211sonoma@icfs.org']"
"211 Sonoma County Inclusion/Exclusion Policy","https://secureservercdn.net/198.71.233.109/nvx.fe0.myftpupload.com/wp-content/uploads/2020/10/2-1-1-Sonoma-County-Inclusion-Exclusion-Policy.pdf","['eligible', 'database', 'links']"
"211 Sonoma County Statistics","https://app.powerbi.com/view?r=eyJrIjoiMDczOTczYzQtYWZkNS00OTNlLWFjZDAtYzljYWNmMTg2NjUxIiwidCI6ImI4NTFhY2ZmLTM5ODgtNDY1OC04OWVhLWJmM2M3NmRkZTlhNiIsImMiOjZ9","['interactive', 'report']"
"Invest in Our Communities / Local Support for COVID 19","https://unitedwaywinecountry.org/","['invest' 'communities' ' COVID' 'support']"
"211.org","http://www.211.org/","['help' '211' 'COVID' 'crisis' 'emergency' 'disaster assistance' 'essential needs' 'service providers' 'new to the U.S.' 'union members']"
"Dial 211 for Essential Community Services | Federal Communications Commission","https://www.fcc.gov/consumers/guides/dial-211-essential-community-services","['How 211 Works', 'Types of Referrals', 'Basic Human Needs Resources', 'Physical and Mental Health Resources', 'Work Support', 'Access to Services in Non-English Languages', 'Support for Older Americans and Persons with Disabilities', 'Children', 'Youth', 'Family Support', 'Suicide Prevention']"
"ROC Sonoma County Fire Recovery","https://rocsonomacounty.org/","['wildfire', 'recovery support', 'ROC', 'ROC Resource Center', 'About ROC', 'upcoming events', 'fire recovery']"
"Nombre del servicio: TEMPORADA DE COMPARTIR AYUDA PARA LA SOLICITUD","https://www.211ca.org/search/?taxonomyCode=BH-3800.7000&location=sonoma+county+ca#googtrans(es)","['pago', 'alquiler', 'asistencia', 'depósito', 'alquiler', 'mantenimiento', 'hogar', 'servicios', 'reparación', 'menores', 'asistencia', 'mejoramiento', 'hogar', 'eficiente', 'energía', 'programas', 'rehabilitación', 'hogar', 'servicios', 'barreras', 'domésticas', 'albergue', 'personas', 'hogar', 'vivienda', 'refugios', 'violencia', 'doméstica', 'jóvenes', 'refugios', 'asalto', 'sexual', 'centros', 'personas', 'hogar', 'instalaciones', 'lavandería', 'instalaciones', 'baño', 'dirección', 'postal', 'temporal', 'programas', 'comidas', 'calientes', 'vivienda', 'alquiler', 'bajos', 'compra', 'vivienda', 'subsidiada', 'consejeria', 'vivienda', 'información', 'referencia', 'vivienda', 'personas', 'mayores', 'derechos', 'inquilino']"
"Benefit Kitchen","http://benefitkitchen.com/icfs","['public benefit', 'CalFresh', 'Medi-Cal', 'utility assistance', 'tax credits', 'Discover the public benefits you’re eligible for now']"
"Nombre del servicio: CAPACITACIÓN DE EMPLEO DE ANTHONY SOTO","https://www.211ca.org/search/?taxonomyCode=ND-1500&location=sonoma+county+ca#googtrans(es)","['integrales', 'asistencia', 'laboral', 'preparación', 'empleo', 'ayuda', 'encontrar', 'trabajo', 'programas', 'empleo', 'juvenil', 'programas', 'empleo', 'veteranos', 'asesoramiento', 'crédito', 'calworks', 'asistencia', 'temporal', 'familias', 'niños', 'alivio', 'general', 'seguro', 'incapacidad', 'seguro', 'social', 'beneficios', 'jubilacion', 'seguro', 'social', 'seguro', 'discapacidad', 'estatal', 'seguro', 'desempleo', 'estatal', 'cal-fresh', '(cupones', 'alimentos)', 'medi-cal', 'seguro', 'médico', 'estado', 'asistencia', 'beneficios', 'veteranos', 'asistencia', 'pago', 'servicio', 'eléctrico', 'asistencia', 'pago', 'servicio', 'gas', 'asistencia', 'pago', 'servicio', 'agua', 'asistencia', 'pago', 'servicio', 'telefónico', 'servicios', 'utilidad', 'descuento', 'asistencia', 'pago', 'alquiler', 'asistencia', 'depósito', 'alquiler', 'asistencia', 'mejoramiento', 'hogar', 'eficiente', 'energía', 'mantenimiento', 'hogar', 'servicios', 'reparación', 'menores', 'asistencia', 'manutención', 'ropa', 'ropa', 'bebé', 'muebles', 'bebé', 'electrodomésticos']"
"Nombre del servicio: RECURSOS COMUNITARIOS DE MONTAÑA (MCR)","https://www.211ca.org/search/?taxonomyCode=RX-8250.0500&location=sonoma+county+ca#googtrans(es)","['consumo', 'alcohol', 'trastorno', 'uso', 'drogas', 'consejería', 'sobre', 'trastorno', 'consumo', 'alcohol', 'grupos', 'apoyo', 'trastorno', 'consumo', 'alcohol', 'líneas', 'directas', 'relacionadas', 'uso', 'alcohol', 'tratamiento', 'integral', 'trastorno', 'consumo', 'alcohol', 'pacientes', 'ambulatorios', 'instalaciones', 'residenciales', 'tratamiento', 'trastorno', 'consumo', 'alcohol', 'desintoxicación', 'alcohol', 'hogares', 'libres', 'alcohol', 'drogas', 'tratamiento', 'alcoholismo', 'perinatal', 'consejería', 'sobre', 'trastorno', 'consumo', 'drogas', 'grupos', 'apoyo', 'trastorno', 'consumo', 'drogas', 'líneas', 'ayuda', 'relacionadas', 'uso', 'drogas', 'tratamiento', 'integral', 'trastorno', 'consumo', 'drogas', 'pacientes', 'ambulatorios', 'instalaciones', 'tratamiento', 'residencial', 'trastorno', 'consumo', 'drogas', 'desintoxicación', 'drogas', 'hogares', 'libres', 'alcohol', 'drogas', 'tratamiento', 'trastorno', 'uso', 'drogas', 'perinatales']"
"Ventura County Vital Records ","http://recorder.countyofventura.org/county-recorder/vital-records/","['Vital Record Documents', 'order', 'Registering', 'Correcting', 'Amending']"
"Social Security Number and Card | SSA","https://www.ssa.gov/ssnumber/","['Social Security numbe', 'SSN', 'Social Security', 'wages', 'earnings', 'record', 'benefits']"
"Interface Children & Family Services | 72 hour checklist","https://secureservercdn.net/198.71.233.109/nvx.fe0.myftpupload.com/wp-content/uploads/2015/03/72-hour-checklist.pdf","['parole'. 'probation', 'adult parole', 'supervision', 'court']"
"Interface Children & Family Services | Top 10 Things You Can Do for a
Successful Reentry into the Community","https://secureservercdn.net/198.71.233.109/nvx.fe0.myftpupload.com/wp-content/uploads/2016/02/Top_10_Things_You_Can_Do_for_a_Successful_Reentry_into_the_Community.pdf","['reentry', 'community', 'housing', 'food', 'transpotation', 'document', 'medical coverage', 'job assistance', 'child support', 'meeting']"
"Nombre del servicio: YMCA OUTDOOR EDUCATION PROGRAMS","https://www.211ca.org/search/?taxonomyCode=PS-6500&location=sonoma+county+ca#googtrans(es)","['grupos', 'ninos', 'padres', 'clases', 'habilidades', 'padres', 'grupos', 'apoyo', 'padres', 'seminarios', 'co-crianza', 'programas', 'crianza', 'ordenados', 'corte', 'assistencia', 'nuevos', 'padres', 'programas', 'apoyo', 'lactancia', 'materna', 'asistencia', 'alimentaria', 'niños', 'pequeños', 'mujeres', 'embarazadas', 'educación', 'parto', 'pañales', 'muebles', 'bebé', 'cuidado', 'bebe', 'sano', 'evaluación', 'desarrollo', 'apoyo', 'depresión', 'posparto', 'educación', 'seguridad', 'infantil', 'niños', 'inspecciones', 'asientos', 'seguridad', 'niños', 'pasajeros', 'instrucción', 'rcp', 'cuidado', 'prenatal', 'referencias', 'proveedores', 'cuidado', 'ninos', 'asistencia', 'gastos', 'cuidado', 'ninos', 'programas', 'referencia', 'preescolar', 'asesoramiento', 'apoyo', 'adopción', 'grupos', 'apoyo', 'adopción', 'cuidado', 'crianza', 'asistencia', 'manutención', 'informe', 'abuso', 'infantil', 'entrega', 'segura', 'recién', 'nacidos', 'líneas', 'estrés', 'padres', 'consejería', 'matrimonial', 'consejería', 'niños', 'consejería', 'servicio', 'familias', 'apoyo']"
"Nombre del servicio: SONOMA COUNTY 4-H","https://www.211ca.org/search/?taxonomyCode=PH-1400.5000-100&location=sonoma+county+ca#googtrans(es)","['programas', 'tutoría', 'niños', 'jóvenes', 'desarrollo', 'juvenil', 'desarrollo', 'liderazgo', 'centros', 'juveniles', 'actividades', 'recreativas', 'consejería', 'líneas', 'problemas', 'juveniles', 'ayudantes', 'juveniles', 'programas', 'padres', 'embarazadas', 'basados', '\u200b\u200ben', 'escuela']"
"Nombre del servicio: WINDSOR SENIOR CENTER","https://www.211ca.org/search/?taxonomyCode=TC-5500.8000&location=sonoma+county+ca#googtrans(es)","['personas', 'tercera', 'edad', 'organizaciones', 'personas', 'mayores', 'consejería', 'personas', 'mayores', 'programas', 'diurnos', 'adultos', 'servicios', 'apoyo', 'domicilio', 'mantenimiento', 'hogar', 'servicios', 'reparación', 'menores', 'grupos', 'apoyo', 'cuidadores', 'seguro', 'médico', 'estado', 'información', 'referencia', 'vivienda', 'personas', 'tercera', 'edad', 'comidas', 'centros', 'comidas', 'entregadas', 'hogar', 'programas', 'paseo', 'personas', 'mayores', 'transporte', 'relacionado', 'discapacidad', 'transporte', 'citas', 'médicas', 'informes', 'abuso', 'adultos', 'mayores']"
"211 Education","https://211sonoma.org/education/","['education', 'program', 'service', 'school', 'library', 'computer literacy']"
"Nombre del servicio: OFICINA DEL SECRETARIO Y REGISTRADOR DEL CONDADO","https://www.211ca.org/search/?taxonomyCode=DF-7000.1200&location=sonoma+county+ca#googtrans(es)","['certificados', 'nacimiento', 'certificados', 'defunción', 'registro', 'vehículos', 'motorizados', 'tarjetas', 'identificación', 'licencias', 'matrimonio', 'registros', 'divorcio', 'pasaportes', 'números', 'seguridad', 'social', 'ayuda', 'legal', 'general', 'servicios', 'referencia', 'abogados', 'asistencia', 'auto', 'representación', 'asistencia', 'niños', 'asistencia', 'divorcio', 'asistencia', 'manutención', 'servicios', 'legales', 'servicios', 'legales', 'violencia', 'órdenes', 'asistencia', 'víctimas', 'delitos', 'asistencia', 'discriminación', 'laboral', 'asistencia', 'discriminación', 'vivienda', 'derechos', 'inquilino', 'tribunales', 'justicia', 'juvenil', 'tribunales', 'pequeñas', 'reclamaciones', 'tribunales', 'tráfico', 'tribunales', 'prueba', 'estado', 'civil', 'tribunales', 'prueba', 'estado', 'criminal']"
"Qué hacer en las primeras 72 horas","https://secureservercdn.net/198.71.233.109/nvx.fe0.myftpupload.com/wp-content/uploads/2019/07/Que-hacer-Sonoma-1-2.pdf","['clic', 'aqui', 'imprimirlo', 'certificado', 'nacimiento', 'tarjeta', 'seguridad', 'social', 'identificación', 'estado', 'california', 'licencia', 'conducir', 'aquí', 'hogares', 'libres', 'alcohol', 'drogas', 'refugios', 'emergencia', 'personas', 'hogar', 'familias', 'hogar', 'vivienda', '(vivienda', 'temporal)', 'centros', 'personas', 'hogar', 'cal-fresh', '(estampillas', 'comida)', 'comestibles', 'programas', 'comida', 'caliente', 'información', 'ruta', 'autobús', 'servicios', 'autobuses', 'locales', 'programas', 'generales', 'comunitario', 'transporte', 'tren', 'medi-cal', 'covered', 'california', 'medi-cal', 'informacion', 'asistencia', 'asequible', 'seguro', 'medico', 'seguro', 'médico', 'estado', 'clínicas', 'médicas', 'líneas', 'información', 'médica', 'examen', 'tuberculosis', 'centros', 'integrales', 'asistencia', 'laboral', 'preparación', 'empleo', 'ayuda', 'encontrar', 'trabajo', 'presentar', 'queja.', 'calworks', 'general', 'relief', 'ssi', 'ssdi', 'calworks', 'alivio', 'general', 'ssi', 'ssdi', 'ayuda', 'legal', 'general', 'cumplimiento', 'manutención', 'cómo', 'cambiar', 'orden', 'manutención', 'hijos', 'grupos', 'apoyo', 'trastorno', 'consumo', 'alcohol', 'groupos', 'apoyo', 'trastorno', 'consumo', 'drogas', 'vivienda', 'libre', 'alcohol', 'drogas', 'servicios', 'generales', 'consejería', 'consejería', 'grupo', 'control', 'ira', 'consejería', 'trastornos', 'psiquiátricos', 'líneas', 'directas', 'salud', 'mental', 'líneas', 'directas', 'prevención', 'suicidio', 'equipos', 'respuesta', 'móvil', 'psiquiátrica', 'intervencion', 'crisis', 'persona', 'líneas', 'directas', 'abuso', 'infantil', 'líneas', 'apollo', 'subvención', 'promesa', 'california', 'fafsa', 'programas', 'diploma', 'escuela', 'secundaria', 'adultos', 'alfabetización', 'adultos', 'bibliotecas', 'públicas', 'clases', 'informática']"
"Probation | Departments & Agencies | County of Sonoma","http://sonomacounty.ca.gov/Probation/","['Probation Department', 'changing Lives', 'Reducing Crime', 'Restoring Community']"
"Birth Certificates | Clerk - Recorder - Assessor - Registrar of Voters | County of Sonoma","https://sonomacounty.ca.gov/CRA/Clerk-Recorder/Vital-Records/Birth-Certificates/","['birth', 'certificate', 'application', 'form', 'order']"
"Driver License or ID Card Renewal - California DMV","https://www.dmv.ca.gov/portal/dmv/detail/dl/dl_info","['driver’s licenses', 'identification cards', 'ID', 'permits', 'dmv']"
"Where to Write for Vital Records - CDC","https://www.cdc.gov/nchs/w2w/index.htm","['CDC', 'Vital records', 'birth', 'death', 'marriage', 'divorce', 'Application Guidelines']"
"Nombre del servicio: VIAJES MÉDICOS ESPECIALES","https://www.211ca.org/search/?taxonomyCode=BT-4500.6500-280&location=sonoma+county+ca#googtrans(es)","['clic', 'aqui', 'imprimirlo', 'certificado', 'nacimiento', 'tarjeta', 'seguridad', 'social', 'identificación', 'estado', 'california', 'licencia', 'conducir', 'aquí', 'hogares', 'libres', 'alcohol', 'drogas', 'refugios', 'emergencia', 'personas', 'hogar', 'familias', 'hogar', 'vivienda', '(vivienda', 'temporal)', 'centros', 'personas', 'hogar', 'cal-fresh', '(estampillas', 'comida)', 'comestibles', 'programas', 'comida', 'caliente', 'información', 'ruta', 'autobús', 'servicios', 'autobuses', 'locales', 'programas', 'generales', 'comunitario', 'transporte', 'tren', 'medi-cal', 'covered', 'california', 'medi-cal', 'informacion', 'asistencia', 'asequible', 'seguro', 'medico', 'seguro', 'médico', 'estado', 'clínicas', 'médicas', 'líneas', 'información', 'médica', 'examen', 'tuberculosis', 'centros', 'integrales', 'asistencia', 'laboral', 'preparación', 'empleo', 'ayuda', 'encontrar', 'trabajo', 'presentar', 'queja.', 'calworks', 'general', 'relief', 'ssi', 'ssdi', 'calworks', 'alivio', 'general', 'ssi', 'ssdi', 'ayuda', 'legal', 'general', 'cumplimiento', 'manutención', 'cómo', 'cambiar', 'orden', 'manutención', 'hijos', 'grupos', 'apoyo', 'trastorno', 'consumo', 'alcohol', 'groupos', 'apoyo', 'trastorno', 'consumo', 'drogas', 'vivienda', 'libre', 'alcohol', 'drogas', 'servicios', 'generales', 'consejería', 'consejería', 'grupo', 'control', 'ira', 'consejería', 'trastornos', 'psiquiátricos', 'líneas', 'directas', 'salud', 'mental', 'líneas', 'directas', 'prevención', 'suicidio', 'equipos', 'respuesta', 'móvil', 'psiquiátrica', 'intervencion', 'crisis', 'persona', 'líneas', 'directas', 'abuso', 'infantil', 'líneas', 'apollo', 'subvención', 'promesa', 'california', 'fafsa', 'programas', 'diploma', 'escuela', 'secundaria', 'adultos', 'alfabetización', 'adultos', 'bibliotecas', 'públicas', 'clases', 'informática']"
"Medi-Cal & County Medical Services Program ","https://sonomacounty.ca.gov/Human-Services/Economic-Assistance/Health-Care-Benefits/Medi-Cal-and-County-Medical-Services-Program/","['Medi-Cal', 'benefit', 'free or low-cost medical', 'dental services', 'Medicaid', 'temporary health care coverage']"
"Covered California | Health Insurance Marketplace","https://www.coveredca.com/","['open enrollment', 'how to get covered', 'coverage']"
"Employment Discrimination","https://www.dfeh.ca.gov/Employment/","['Department of Fair Employment and Housing', 'DFEH', 'job applicant', 'employee', 'protected characteristic', 'employment discrimination']"
"County of Sonoma | SonomaWORKS ","http://sonomacounty.ca.gov/Human-Services/Employment-and-Training/SonomaWORKS/","['support family', 'SonomaWORKS', 'temporary help', 'families with children', 'little or no money', 'prepare for a job', 'keep a job'']"
"County of Sonoma | General Assistance Benefits ","https://sonomacounty.ca.gov/Human-Services/Economic-Assistance/General-Assistance/","['Economic Assistance', 'how to apply', 'who may be eligible', 'help with rent', 'utilities', 'transportation', 'toiletries', 'food']"
"Supplemental Security Income (SSI) Benefits | SSA","https://www.ssa.gov/benefits/ssi/","['Supplemental Security Income', 'SSI', 'disabled adults', 'disabled children', 'limited income', 'people 65 and older', 'how to apply', 'local office']"
"Disability Benefits | SSA","https://www.ssa.gov/benefits/disability/","['Social Security', 'disability programs', 'assistance', 'people with disabilities', 'disability benefits, 'Social Security Disability Insurance', 'SSDI']"
"Seguridad de Ingreso Suplementario (SSI) | Administración del Seguro Social","https://www.ssa.gov/espanol/beneficios/ssi/","['clic', 'aqui', 'imprimirlo', 'certificado', 'nacimiento', 'tarjeta', 'seguridad', 'social', 'identificación', 'estado', 'california', 'licencia', 'conducir', 'aquí', 'hogares', 'libres', 'alcohol', 'drogas', 'refugios', 'emergencia', 'personas', 'hogar', 'familias', 'hogar', 'vivienda', '(vivienda', 'temporal)', 'centros', 'personas', 'hogar', 'cal-fresh', '(estampillas', 'comida)', 'comestibles', 'programas', 'comida', 'caliente', 'información', 'ruta', 'autobús', 'servicios', 'autobuses', 'locales', 'programas', 'generales', 'comunitario', 'transporte', 'tren', 'medi-cal', 'covered', 'california', 'medi-cal', 'informacion', 'asistencia', 'asequible', 'seguro', 'medico', 'seguro', 'médico', 'estado', 'clínicas', 'médicas', 'líneas', 'información', 'médica', 'examen', 'tuberculosis', 'centros', 'integrales', 'asistencia', 'laboral', 'preparación', 'empleo', 'ayuda', 'encontrar', 'trabajo', 'presentar', 'queja.', 'calworks', 'general', 'relief', 'ssi', 'ssdi', 'calworks', 'alivio', 'general', 'ssi', 'ssdi', 'ayuda', 'legal', 'general', 'cumplimiento', 'manutención', 'cómo', 'cambiar', 'orden', 'manutención', 'hijos', 'grupos', 'apoyo', 'trastorno', 'consumo', 'alcohol', 'groupos', 'apoyo', 'trastorno', 'consumo', 'drogas', 'vivienda', 'libre', 'alcohol', 'drogas', 'servicios', 'generales', 'consejería', 'consejería', 'grupo', 'control', 'ira', 'consejería', 'trastornos', 'psiquiátricos', 'líneas', 'directas', 'salud', 'mental', 'líneas', 'directas', 'prevención', 'suicidio', 'equipos', 'respuesta', 'móvil', 'psiquiátrica', 'intervencion', 'crisis', 'persona', 'líneas', 'directas', 'abuso', 'infantil', 'líneas', 'apollo', 'subvención', 'promesa', 'california', 'fafsa', 'programas', 'diploma', 'escuela', 'secundaria', 'adultos', 'alfabetización', 'adultos', 'bibliotecas', 'públicas', 'clases', 'informática']"
"Changing a Child Support Order in Your State","https://www.acf.hhs.gov/sites/default/files/programs/css/ca_cs_order.pdf","['IV-D', 'child support', 'contact', 'child support agency']"
"California College Promise Grant","https://home.cccapply.org/money/california-college-promise-grant","['California College Promise Grant', 'grant', 'Allan Hancock College', 'American River College', 'Antelope Valley College', 'Berkeley City College', 'Chabot College', 'Citrus College', 'Coastline College', 'College of Alameda', 'College of the Canyons', 'College of Marin', 'Contra Costa College', 'Cosumnes River College', 'Diablo Valley College', 'De Anza College', 'Evergreen Valley College', 'Folsom Lake College', 'Foothill College', 'Golden West College, 'Imperial Valley College', 'Irvine Valley College,' 'Lake Tahoe Community College', 'Laney College', 'Las Positas College', 'Lassen Community College', 'Los Medanos College', 'Merritt College', 'Moorpark College', 'Orange Coast College', 'Oxnard College', 'Sacramento City College', 'Saddleback College', 'San Joaquin Delta College', 'San Jose City College', 'Santa Ana College', 'Santa Barbara City College', 'Santiago Canyon College', 'Shasta College', 'Solano Community College', 'Southwestern College', 'Ventura College', 'Woodland Community College', 'Yuba College']"
"Federal student aid","https://studentaid.ed.gov/","['Department of Education', 'office of Federal Student Aid', 'financial aid', 'pay for college', 'career school', 'Financial Aid', 'student']"
"Nombre del servicio: CENTRO DE EDUCACIÓN DE ADULTOS DE PITTSBURG","https://www.211ca.org/search/?taxonomyCode=HH-0500.2500-050&location=sonoma+county+ca#googtrans(es)","['clic', 'aqui', 'imprimirlo', 'certificado', 'nacimiento', 'tarjeta', 'seguridad', 'social', 'identificación', 'estado', 'california', 'licencia', 'conducir', 'aquí', 'hogares', 'libres', 'alcohol', 'drogas', 'refugios', 'emergencia', 'personas', 'hogar', 'familias', 'hogar', 'vivienda', '(vivienda', 'temporal)', 'centros', 'personas', 'hogar', 'cal-fresh', '(estampillas', 'comida)', 'comestibles', 'programas', 'comida', 'caliente', 'información', 'ruta', 'autobús', 'servicios', 'autobuses', 'locales', 'programas', 'generales', 'comunitario', 'transporte', 'tren', 'medi-cal', 'covered', 'california', 'medi-cal', 'informacion', 'asistencia', 'asequible', 'seguro', 'medico', 'seguro', 'médico', 'estado', 'clínicas', 'médicas', 'líneas', 'información', 'médica', 'examen', 'tuberculosis', 'centros', 'integrales', 'asistencia', 'laboral', 'preparación', 'empleo', 'ayuda', 'encontrar', 'trabajo', 'presentar', 'queja.', 'calworks', 'general', 'relief', 'ssi', 'ssdi', 'calworks', 'alivio', 'general', 'ssi', 'ssdi', 'ayuda', 'legal', 'general', 'cumplimiento', 'manutención', 'cómo', 'cambiar', 'orden', 'manutención', 'hijos', 'grupos', 'apoyo', 'trastorno', 'consumo', 'alcohol', 'groupos', 'apoyo', 'trastorno', 'consumo', 'drogas', 'vivienda', 'libre', 'alcohol', 'drogas', 'servicios', 'generales', 'consejería', 'consejería', 'grupo', 'control', 'ira', 'consejería', 'trastornos', 'psiquiátricos', 'líneas', 'directas', 'salud', 'mental', 'líneas', 'directas', 'prevención', 'suicidio', 'equipos', 'respuesta', 'móvil', 'psiquiátrica', 'intervencion', 'crisis', 'persona', 'líneas', 'directas', 'abuso', 'infantil', 'líneas', 'apollo', 'subvención', 'promesa', 'california', 'fafsa', 'programas', 'diploma', 'escuela', 'secundaria', 'adultos', 'alfabetización', 'adultos', 'bibliotecas', 'públicas', 'clases', 'informática']"
"Nombre del servicio: SERVICIOS DE BIBLIOTECA","https://www.211ca.org/search/?taxonomyCode=HH-4500.0500&location=sonoma+county+ca#googtrans(es)","['clic', 'aqui', 'imprimirlo', 'certificado', 'nacimiento', 'tarjeta', 'seguridad', 'social', 'identificación', 'estado', 'california', 'licencia', 'conducir', 'aquí', 'hogares', 'libres', 'alcohol', 'drogas', 'refugios', 'emergencia', 'personas', 'hogar', 'familias', 'hogar', 'vivienda', '(vivienda', 'temporal)', 'centros', 'personas', 'hogar', 'cal-fresh', '(estampillas', 'comida)', 'comestibles', 'programas', 'comida', 'caliente', 'información', 'ruta', 'autobús', 'servicios', 'autobuses', 'locales', 'programas', 'generales', 'comunitario', 'transporte', 'tren', 'medi-cal', 'covered', 'california', 'medi-cal', 'informacion', 'asistencia', 'asequible', 'seguro', 'medico', 'seguro', 'médico', 'estado', 'clínicas', 'médicas', 'líneas', 'información', 'médica', 'examen', 'tuberculosis', 'centros', 'integrales', 'asistencia', 'laboral', 'preparación', 'empleo', 'ayuda', 'encontrar', 'trabajo', 'presentar', 'queja.', 'calworks', 'general', 'relief', 'ssi', 'ssdi', 'calworks', 'alivio', 'general', 'ssi', 'ssdi', 'ayuda', 'legal', 'general', 'cumplimiento', 'manutención', 'cómo', 'cambiar', 'orden', 'manutención', 'hijos', 'grupos', 'apoyo', 'trastorno', 'consumo', 'alcohol', 'groupos', 'apoyo', 'trastorno', 'consumo', 'drogas', 'vivienda', 'libre', 'alcohol', 'drogas', 'servicios', 'generales', 'consejería', 'consejería', 'grupo', 'control', 'ira', 'consejería', 'trastornos', 'psiquiátricos', 'líneas', 'directas', 'salud', 'mental', 'líneas', 'directas', 'prevención', 'suicidio', 'equipos', 'respuesta', 'móvil', 'psiquiátrica', 'intervencion', 'crisis', 'persona', 'líneas', 'directas', 'abuso', 'infantil', 'líneas', 'apollo', 'subvención', 'promesa', 'california', 'fafsa', 'programas', 'diploma', 'escuela', 'secundaria', 'adultos', 'alfabetización', 'adultos', 'bibliotecas', 'públicas', 'clases', 'informática']"
"Nombre del servicio: EDUCACIÓN Y DESARROLLO INDIOS YA-KA-AMA","https://www.211ca.org/search/?taxonomyCode=PL-7400.1500&location=sonoma+county+ca#googtrans(es)","['clic', 'aqui', 'imprimirlo', 'certificado', 'nacimiento', 'tarjeta', 'seguridad', 'social', 'identificación', 'estado', 'california', 'licencia', 'conducir', 'aquí', 'hogares', 'libres', 'alcohol', 'drogas', 'refugios', 'emergencia', 'personas', 'hogar', 'familias', 'hogar', 'vivienda', '(vivienda', 'temporal)', 'centros', 'personas', 'hogar', 'cal-fresh', '(estampillas', 'comida)', 'comestibles', 'programas', 'comida', 'caliente', 'información', 'ruta', 'autobús', 'servicios', 'autobuses', 'locales', 'programas', 'generales', 'comunitario', 'transporte', 'tren', 'medi-cal', 'covered', 'california', 'medi-cal', 'informacion', 'asistencia', 'asequible', 'seguro', 'medico', 'seguro', 'médico', 'estado', 'clínicas', 'médicas', 'líneas', 'información', 'médica', 'examen', 'tuberculosis', 'centros', 'integrales', 'asistencia', 'laboral', 'preparación', 'empleo', 'ayuda', 'encontrar', 'trabajo', 'presentar', 'queja.', 'calworks', 'general', 'relief', 'ssi', 'ssdi', 'calworks', 'alivio', 'general', 'ssi', 'ssdi', 'ayuda', 'legal', 'general', 'cumplimiento', 'manutención', 'cómo', 'cambiar', 'orden', 'manutención', 'hijos', 'grupos', 'apoyo', 'trastorno', 'consumo', 'alcohol', 'groupos', 'apoyo', 'trastorno', 'consumo', 'drogas', 'vivienda', 'libre', 'alcohol', 'drogas', 'servicios', 'generales', 'consejería', 'consejería', 'grupo', 'control', 'ira', 'consejería', 'trastornos', 'psiquiátricos', 'líneas', 'directas', 'salud', 'mental', 'líneas', 'directas', 'prevención', 'suicidio', 'equipos', 'respuesta', 'móvil', 'psiquiátrica', 'intervencion', 'crisis', 'persona', 'líneas', 'directas', 'abuso', 'infantil', 'líneas', 'apollo', 'subvención', 'promesa', 'california', 'fafsa', 'programas', 'diploma', 'escuela', 'secundaria', 'adultos', 'alfabetización', 'adultos', 'bibliotecas', 'públicas', 'clases', 'informática']"
"211 Sonoma 72 Hour Checklist","https://secureservercdn.net/198.71.233.109/nvx.fe0.myftpupload.com/wp-content/uploads/2019/07/72-Hour-Checklist-Sonoma.pdf","['Parole or Probation office', 'custody', 'court', 'supervision', 'Probation Department', 'Santa Rosa Regional Office', ' Adult Parole Operations']"
"Interface Children & Family Services | Tips for a Successful Reentry into the Community","https://secureservercdn.net/198.71.233.109/nvx.fe0.myftpupload.com/wp-content/uploads/2018/12/Tips-for-Reentry-Success-VC-12.11.pdf","['checklist', 'birth', 'certificate', 'social', 'security', 'card', 'identification', 'driver’s', 'license', 'emergency', 'shelters', 'homeless', 'individuals', 'families', 'transitional', 'housing', '(temporary', 'housing)', 'homeless', 'drop', 'in', 'centers', 'medi-cal', 'covered', 'california', 'file', 'complaint', 'calworks', 'ssi', 'how', 'change', 'child', 'support', 'order', 'california', 'promise', 'grant', 'program', 'fafsa']"
"Redwood Empire Food Bank","https://getfood.refb.org/","['food bank', 'get food', 'pantry', 'produce', 'groceries', 'senior basket', 'diabetes', 'hot meals', 'station 3990', 'calfresh', 'diapers', 'seniors', 'high risk population', 'disaster relief', 'agricultural labor relations board']"
"Finance & Housing Assistance during COVID-19","https://socoemergency.org/emergency/novel-coronavirus/resources-information/financial-assistance-for-residents/","['Finance & Housing Assistance', 'COVID-19', 'Testing & Quarantine Isolation', 'Financial Assistance for Households', 'Paying Utility Bills', 'Evictions', 'Renters & Homeowners', 'Employment Resources', 'Unemployment', 'Sick or Quarantined Workers', 'Currently Working', 'Student loans', 'General Tax Information', 'Community Funding', 'Financial Assistance Programs', 'Non-congregate and Alternative Care Sites', 'Non-Profit Resources']"
"Order of the Health Officer C19-03: Shelter in Place","https://socoemergency.org/order-of-the-health-officer-shelter-in-place/","['Shelter in Place', 'health officer', 'Sonoma County’s Health Orders']"
"Nuevo coronavirus","https://sonomacounty.ca.gov/Health/Information-About-Coronavirus/#googtrans(es)","['comida', 'sitios', 'almuerzo', 'escolar', 'recursos', 'asistencia', 'financiera', 'orden', 'refugio', 'lugar', 'condado', 'información', 'coronavirus', 'haga', 'clic', 'aquí', 'buscar', 'palabras', 'clave']"
"Nombre del servicio: EDUCACIÓN Y DESARROLLO INDIOS YA-KA-AMA","https://www.211ca.org/search/?taxonomyCode=HH-0500.2500-250&location=sonoma+county+ca#googtrans(es)","['ged', 'secundaria', 'ingles', 'como', 'segundo', 'lenguaje', 'alfabetización', 'adultos', 'educación', 'continua', 'programas', 'educación', 'migrantes', 'servicios', 'tutoría', 'abogacía', 'educación', 'especial', 'distritos', 'escolares', 'bibliotecas', 'públicas', 'clases', 'informática']"
"Buscar por categoría","http://www.211ca.org#googtrans(es)","['comida', 'sitios', 'almuerzo', 'escolar', 'recursos', 'asistencia', 'financiera', 'orden', 'refugio', 'lugar', 'condado', 'información', 'coronavirus', 'haga', 'clic', 'aquí', 'buscar', 'palabras', 'clave']"
"SCOE School Lunch Sites (COVID-19)","https://www.google.com/maps/d/u/0/viewer?mid=12sGarVKPhpZMJsoQNhED65mJilzG6245&ll=38.51774044915148%2C-122.9129044&z=10","['food', 'assistance', 'school', 'lunch', 'sites', 'financial', 'assistance', 'resources', 'shelter', 'place', 'order', 'coronavirus', 'information']"
